{
    "project_team_deleted": "project_team_deleted",
    "project_maintainer_added": "project_maintainer_added",
    "project_joined_team": "project_joined_team",
    "language_added": "language_added",
    "language_removed": "language_removed",
    "project_language_requested": "project_language_requested",
    "project_changed": "project_changed",
    "project_changed_team": "project_changed_team",
    "project_resource_changed": "project_resource_changed",
    "project_resource_deleted": "project_resource_deleted",
    "announcements": "announcements",
    "project_announcement_added": "project_announcement_added",
    "resource_language_translated": "resource_language_translated",
    "project_team_join_requested": "project_team_join_requested",
    "recommendation": "recommendation",
    "inbox": "inbox",
    "project_archived": "project_archived",
    "organizations": "organizations",
    "project_updates": "project_updates",
    "team_updates": "team_updates",
    "team_discussions": "team_discussions",
    "tts_order_created_admins": "tts_order_created_admins",
    "order_created": "order_created",
    "tts_tts_order_cancelled_admins": "tts_tts_order_cancelled_admins",
    "tts_order_other_error": "tts_order_other_error",
    "autofetch_failed": "autofetch_failed",
    "canceled_because_of_failed_payments": "canceled_because_of_failed_payments",
    "order_failed": "order_failed",
    "invoice_failed": "invoice_failed",
    "overquota": "overquota",
    "locked": "locked",
    "locked_reminder": "locked_reminder",
    "old_client_used": "old_client_used",
    "comment_received": "comment_received",
    "order_delivered": "order_delivered",
    "lionbridge_order_delivered": "lionbridge_order_delivered",
    "order_price_discrepancy": "order_price_discrepancy",
    "organization_added": "organization_added",
    "organization_member_removed": "organization_member_removed",
    "project_added": "project_added",
    "project_removed": "project_removed",
    "project_announcement_posted": "project_announcement_posted",
    "project_left_team": "project_left_team",
    "project_join_team": "project_join_team",
    "project_deleted": "project_deleted",
    "project_invitation_accepted": "project_invitation_accepted",
    "language_deleted": "language_deleted",
    "language_requested": "language_requested",
    "maintainer_added": "maintainer_added",
    "resource_added": "resource_added",
    "resource_removed": "resource_removed",
    "team_join_request_approved": "team_join_request_approved",
    "team_join_request_denied": "team_join_request_denied",
    "team_join_requested": "team_join_requested",
    "user_left_team": "user_left_team",
    "collaborator_added": "collaborator_added",
    "team_added": "team_added",
    "team_deleted": "team_deleted",
    "team_message_posted": "team_message_posted",
    "manager_added": "manager_added",
    "manager_removed": "manager_removed",
    "e2f_order_accepted": "e2f_order_accepted",
    "e2f_order_created": "e2f_order_created",
    "e2f_order_canceled": "e2f_order_canceled",
    "e2f_order_delivered": "e2f_order_delivered",
    "e2f_order_delivery_time_changed": "e2f_order_delivery_time_changed",
    "e2f_order_edited": "e2f_order_edited",
    "recommentation_given": "recommentation_given",
    "recommentation_updated": "recommentation_updated",
    "project_unarchived": "project_unarchived",
    "outgoing_project_transfer_rejected": "outgoing_project_transfer_rejected",
    "incoming_project_transfer_rejected": "incoming_project_transfer_rejected",
    "project_left_organization": "project_left_organization",
    "project_join_organization": "project_join_organization",
    "project_transfer_accepted": "project_transfer_accepted",
    "credit_card_expire_notify": "credit_card_expire_notify",
    "live_content_detected": "live_content_detected",
    "live_content_updated": "live_content_updated",
    "project_language_request_accepted": "project_language_request_accepted",
    "project_language_request_rejected": "project_language_request_rejected",
    "project_tranfser_request_received": "project_tranfser_request_received",
    "project_transfer_request_sent": "project_transfer_request_sent",
    "source_file_updated": "source_file_updated",
    "discussion_issue": "discussion_issue",
    "glossary_discussion_issue": "glossary_discussion_issue",
    "tasks_created": "tasks_created",
    "language_tasks_created": "language_tasks_created",
    "task_assigned": "task_assigned",
    "task_delivered": "task_delivered",
    "open_in_other_window": "open_in_other_window",
    "slack_icon": "slack_icon",
    "lexiqa_icon": "lexiqa_icon",
    "blocker_issue_type": "blocker_issue_type",
    "task-settings": "task-settings",
    "chart": "chart",
    "words-completed": "words-completed",
    "words-total": "words-total",
    "sort": "sort",
    "task": "task",
    "explore-full": "explore-full",
    "help-full": "help-full",
    "slim-arrow-down": "slim-arrow-down",
    "slim-arrow-up": "slim-arrow-up",
    "status": "status",
    "fit-screen": "fit-screen",
    "add-widget": "add-widget",
    "symbol": "symbol",
    "compare": "compare",
    "sidebar-toggler": "sidebar-toggler",
    "screen": "screen",
    "resize-marker": "resize-marker",
    "drag-handle": "drag-handle",
    "pan-arrows": "pan-arrows",
    "list-view": "list-view",
    "grid-view": "grid-view",
    "priority-urgent": "priority-urgent",
    "priority-high": "priority-high",
    "priority-normal": "priority-normal",
    "unwatch": "unwatch",
    "watch": "watch",
    "more-outline": "more-outline",
    "message-sent": "message-sent",
    "message-inbox": "message-inbox",
    "save": "save",
    "concordance": "concordance",
    "view-online": "view-online",
    "news": "news",
    "bubble": "bubble",
    "blog": "blog",
    "advanced": "advanced",
    "word": "word",
    "lock-open": "lock-open",
    "lock": "lock",
    "mail": "mail",
    "file-reviewed": "file-reviewed",
    "file": "file",
    "location": "location",
    "url": "url",
    "clock": "clock",
    "tag": "tag",
    "release": "release",
    "code": "code",
    "stats": "stats",
    "trash": "trash",
    "project-archived": "project-archived",
    "project-list": "project-list",
    "project-file": "project-file",
    "project-add": "project-add",
    "project-remove": "project-remove",
    "project-live": "project-live",
    "project-native": "project-native",
    "minus": "minus",
    "tick": "tick",
    "remove": "remove",
    "add": "add",
    "tick-outline": "tick-outline",
    "edit-outline": "edit-outline",
    "remove-outline": "remove-outline",
    "add-outline": "add-outline",
    "add-filled": "add-filled",
    "facebook": "facebook",
    "google": "google",
    "linkedin": "linkedin",
    "feed": "feed",
    "infomsg": "infomsg",
    "error": "error",
    "help": "help",
    "alert": "alert",
    "license": "license",
    "string-untrans": "string-untrans",
    "arrow-left": "arrow-left",
    "arrow-right": "arrow-right",
    "arrow-up": "arrow-up",
    "arrow-down": "arrow-down",
    "full-arrow-down": "full-arrow-down",
    "full-arrow-up": "full-arrow-up",
    "arrow-left-small": "arrow-left-small",
    "arrow-right-small": "arrow-right-small",
    "arrow-up-small": "arrow-up-small",
    "arrow-down-small": "arrow-down-small",
    "copy-source": "copy-source",
    "copy-translation": "copy-translation",
    "edit": "edit",
    "bullet": "bullet",
    "search": "search",
    "menu": "menu",
    "more": "more",
    "burger-menu": "burger-menu",
    "replace": "replace",
    "update": "update",
    "undo": "undo",
    "autotranslate": "autotranslate",
    "review": "review",
    "details": "details",
    "filter-outline": "filter-outline",
    "filter-filled": "filter-filled",
    "editor-trans": "editor-trans",
    "glossary": "glossary",
    "send_file": "send_file",
    "get_file": "get_file",
    "language": "language",
    "tmx-file": "tmx-file",
    "language-delete": "language-delete",
    "language-add": "language-add",
    "lock-add": "lock-add",
    "lock-remove": "lock-remove",
    "txicon": "txicon",
    "share": "share",
    "source-download": "source-download",
    "child": "child",
    "permission": "permission",
    "door": "door",
    "shortcut": "shortcut",
    "emit": "emit",
    "project_resource_translated": "project_resource_translated",
    "resource-add": "resource-add",
    "resource-remove": "resource-remove",
    "omega": "omega",
    "clone": "clone",
    "empty_team": "empty_team",
    "modal_error": "modal_error",
    "user_reviewer": "user_reviewer",
    "user_translator": "user_translator",
    "user": "user",
    "user_manager": "user_manager",
    "user_maintainer": "user_maintainer",
    "team-join": "team-join",
    "user-remove": "user-remove",
    "users": "users",
    "key": "key",
    "success-filled": "success-filled",
    "icon-star-outline": "icon-star-outline",
    "icon-star": "icon-star",
    "Go to start page": "Go to start page",
    "Password": "Password",
    "OR": "OR",
    "Google": "Google",
    "GitHub": "GitHub"
}